Data Center,Company,White space,Gross power
Southfield,123 NET,-,-
325 Hudson Street,325 Hudson Street,-,-
360TCS,360TCS,-,-
Buffalo,365 Data Centers,1055 m²,-
Chicago,365 Data Centers,1279 m²,-
Indianapolis,365 Data Centers,976 m²,-
Nashville,365 Data Centers,1588 m²,-
New York,365 Data Centers,918 m²,-
Philadelphia,365 Data Centers,936 m²,-
Tampa,365 Data Centers,847 m²,-
421 West Church Street,421 West Church Street,-,-
470 Exchange,470 exchange,-,-
511 Building - Minnesota Technology Center,511 Building,929 m²,-
Madison,5Nines,-,-
FedConnect San Francisco,60 Fed LLC,-,-
"Oliver Street, LLC",800 Oliver,-,-
910Telecom,910Telecom,-,-
Comfluent 639,910Telecom,-,-
ACD.net MetroIX,ACD.net,-,-
AcroNOC INC,AcroNOC,-,-
Kansas City,Admo.net,-,-
Advance2000,Advance2000,-,-
McClellan Park/Sacramento,Advanced Data Centers,21367 m²,50000 kW
One Market Center,AiNET,23226 m²,-
AISO Solar Powered Data Center,Aiso,-,-
Downtown Data Center,Alchemy Communications,-,-
Irvine Data Center,Alchemy Communications,-,-
LAX Data Center,Alchemy Communications,-,-
Silicon Valley,Alibaba Group,-,-
Austin: 1905 E. 6th Street,Alpheus Communications,-,-
Dallas: 2323 Bryan,Alpheus Communications,-,-
Dallas: 2914 Taylor Steet,Alpheus Communications,-,-
Fort Worth: 307 & 309 West 7th St,Alpheus Communications,-,-
Houston: 777 Walker (2 Shell Plaza),Alpheus Communications,-,-
Boardman,Amazon,-,-
Dallas/Fort Worth,Amazon,-,-
Dublin,Amazon,-,-
Los Angeles,Amazon,-,-
Loudoun,Amazon,-,-
McNary,Amazon,-,-
Orange Township,Amazon,-,-
Sterling,Amazon,-,-
Findlay Commerce Park,American Electric Power (AEP),-,-
Fiber Alley Data Center,American Internet Services (AIS),1167 m²,1128 kW
Lightwave Data Center,American Internet Services (AIS),5307 m²,9100 kW
San Diego Tech Center,American Internet Services (AIS),1393 m²,750 kW
Van Buren Data Center,American Internet Services (AIS),602 m²,810 kW
Chicago,American Technology Services,-,-
216 West Jackson Boulevard,ANET Internet Solutions,-,-
Maiden,Apple,30000 m²,5000 kW
Maiden 2,Apple,-,-
Mesa,Apple,-,-
Newark,Apple,-,-
Prineville,Apple,-,-
Reno,Apple,-,-
Arbinet 75 Broad St,Arbinet,-,-
Arizona Data Centers,Arizona Data Centers,-,-
ARK Data Center,Ark Datacenters,-,-
Lenexa Data Center,Arsalon Technologies,-,-
Overland Park Data Center,Arsalon Technologies,-,-
Pine Ridge Data Center,Arsalon Technologies,-,-
Chicago 2 (North Railroad),Ascent Corp,23225 m²,54000 kW
Ascent Data,Ascent Data,-,-
Atjeu Hosting,Atjeu,-,-
Atlanta NAP (GNAX Atlanta),Atlanta NAP,-,-
Atlantech Online,"Atlantech Online, Inc.",-,-
Atlantic Metro Communications,Atlantic Metro Communications,-,-
Atlantic Metro Communications LGA6,Atlantic Metro Communications,-,-
Atlantic Metro Communications ORD0,Atlantic Metro Communications,-,-
Atlantic Metro LGA4 IDC,Atlantic Metro Communications,-,-
Orlando,Atlantic.Net,-,-
111 Town Square Place,Atlas Communications Ltd.,-,-
Atlanta Data Center,ATLDC,-,-
Aurora Sinai Medical Center,Aurora Health Care,-,-
Milwaukee,Aurora Health Care,-,-
Awecomm Technologies,Awecomm Technologies,-,-
Crucial Servers Boston,Axcelx Technologies LLC,-,-
Modesto City Tower,Ayera Technologies,-,-
Baltimore Technology Park,Baltimore Technology Park,-,-
55 Marietta,Bank Building Limited Partnership,-,-
Gilbert,Baselayer,-,-
2050 Martin Avenue,Bay Area Internet Services (BAIS),-,-
Monroe,Bayou Internet and Communications,-,-
One Financial Place,Behringer Harvard,-,-
Bestline Communications,Bestline Communications,-,-
BHI NOC,BHI,-,-
Bigbyte.cc Corp.,Bigbyte.cc Corp.,-,-
Binary.net,Binary.net,-,-
Las Vegas,Birch,-,-
New York,BlackRock,-,-
Orangetown,Bloomberg,-,-
BlueBridge Networks,BlueBridge Networks,-,-
East Breckinridge,BluegrassNet,-,-
Bluelock IN,Bluelock,-,-
Bluemile Columbus DC,Bluemile,-,-
LBJ Data Center,Boxer Property Management Corporation,-,-
Bresco Broadband,Bresco Broadband,-,-
BroadRiver DC1,BroadRiver,-,-
BroadRiver DC3,BroadRiver,-,-
811 10th Ave,Brookfield Infrastructure Partners LP,4075 m²,-
Mesa,Brookfield Infrastructure Partners LP,6825 m²,-
BurstNET,Burst.net,-,-
"Metro Atlanta, Georgia",ByteGrid,-,-
Metro Washington DC 2,ByteGrid,-,-
C I Host Chicago,C I Host,-,-
C I Host Dallas,C I Host,-,-
C I Host Newark,C I Host,-,-
Starkville,C Spire,-,3000 kW
C7 Lindon,"C7 Data Centers, Cloud and IT Services",-,-
City Creek Data Center,"C7 Data Centers, Cloud and IT Services",-,-
Granite Point,"C7 Data Centers, Cloud and IT Services",-,8000 kW
Granite Point II,"C7 Data Centers, Cloud and IT Services",8825 m²,-
11500 NW 25th Street,Cable&Wireless Worldwide,-,-
New Jersey,California Public Employees' Retirement System (CalPERS),-,-
Somerville,Cambridge Network Solutions,-,-
Capital Internet,Capital Internet,-,-
Meadowville,CapitalOne,-,-
3000SkylineDallas,CAPSTAR Commercial Real Estate Service,-,-
Carolina Internet / CaroNet,CaroNet,-,-
Dallas,Carrier-1 Data Centers,5574 m²,-
CarrierCom,CarrierCom,-,-
11085 Sun Center Drive,Carter Validus Mission Critical REIT,2597 m²,-
3065 Gold Camp Drive,Carter Validus Mission Critical REIT,-,-
Bend,Cascade Divide,-,-
Roseburg,Cascade Divide,2400 m²,-
Cavern Technologies,Cavern Technologies,-,-
11191 Victoria Drive,CBRE,-,-
200 South 10th Street,CBRE,-,-
Atlanta,CBRE,-,-
Coldstream Research Campus,CBRE,-,-
Enterprise Data Center,CBRE,-,-
Innovation Park- Greenfield,CBRE,-,-
New Albany Business Park,CBRE,-,-
Oxford- Greenfield,CBRE,-,-
Parkway Center at Beaumeade,CBRE,-,-
Rockrimmon Boulevard,CBRE,-,-
Schaumburg,CBRE,-,40000 kW
Velocity Park,CBRE,-,-
CBTS - Lombard,CBTS,-,-
CBTS Cincinnati Data Center,CBTS,-,-
CBTS Florence Data Center,CBTS,-,-
CBTS Gold Coast Data Center,CBTS,-,-
CBTS Grand Rapids Data Center,CBTS,-,-
CBTS Hamilton Data Center,CBTS,-,-
CBTS Lebanon Data Center,CBTS,-,-
CBTS Lombard Data Center,CBTS,-,-
CBTS Mason Data Center,CBTS,-,-
CBTS South Bend Data Center I,CBTS,-,-
CBTS South Bend Data Center II,CBTS,-,-
Bracknell,CentriLogic,-,-
Buffalo,CentriLogic,-,-
Lenoir,CentriLogic,-,-
Rochester,CentriLogic,-,-
US Virgin Islands,CentriLogic,-,-
1124 Hardy Rd,CenturyLink,-,-
1918 Wake Forest Rd,CenturyLink,230 m²,-
200 N. LaSalle,CenturyLink,-,-
300 Bent Street,CenturyLink,810 m²,-
Atlanta 1,CenturyLink,-,-
Atlanta 2,CenturyLink,4180 m²,-
Berry Hill (Melrose Ave),CenturyLink,-,-
Binghamton (Henry Street),CenturyLink,-,-
Birmingham (North 20th Street),CenturyLink,-,-
Boise (North Capitol),CenturyLink,-,-
Boise (West Airportway),CenturyLink,-,-
Cedar Hills (Millikan Way),CenturyLink,-,-
Chicago 1,CenturyLink,2110 m²,-
Chicago 2,CenturyLink,-,-
Cincinnati,CenturyLink,-,-
Cincinnati (Meridian Way),CenturyLink,-,-
Columbia (Main Street),CenturyLink,-,-
Columbus (Front Avenue),CenturyLink,-,-
Columbus 1,CenturyLink,-,-
Dallas,CenturyLink,-,-
Dallas (Regal Row),CenturyLink,-,-
Denver,CenturyLink,-,-
Denver (East Jewell Ave),CenturyLink,870 m²,-
Detroit,CenturyLink,-,-
Durham (Ellis Road),CenturyLink,-,-
Fort Lauderdale (NE 3rd Avenue),CenturyLink,-,-
Greensboro (Gallimore Dairy Road),CenturyLink,-,-
Honolulu (Paiea Street),CenturyLink,-,-
Houston,CenturyLink,1370 m²,-
Houston (Empire Central Drive),CenturyLink,-,-
Indianapolis (West 86th Street),CenturyLink,-,-
Jacksonville (West Forsyth Street),CenturyLink,-,-
Jersey City (Evertrust Plaza),CenturyLink,-,-
Kansas City,CenturyLink,-,-
Kansas City,CenturyLink,-,-
Lexington (West Vine Street),CenturyLink,-,-
Little Rock (West Capitol),CenturyLink,-,-
Long Island,CenturyLink,-,-
Los Angeles,CenturyLink,3100 m²,-
Louisville (West Broadway),CenturyLink,-,-
Memphis (Cordova Road),CenturyLink,-,-
Memphis (East Raines Road),CenturyLink,-,-
Miami (Northwest 5th Street),CenturyLink,-,-
Minneapolis (11th Avenue South),CenturyLink,-,-
Mobile (South Royal Street),CenturyLink,-,-
Nashville,CenturyLink,-,-
Newark,CenturyLink,-,-
Oakland,CenturyLink,270 m²,-
Orange County,CenturyLink,-,-
Orlando (Lake Destiny Drive),CenturyLink,380 m²,-
Philadelphia,CenturyLink,-,-
Phoenix (North 3rd Street),CenturyLink,-,-
Phoenix (South 16th Street),CenturyLink,2430 m²,-
Portland (Southwest 6th Avenue),CenturyLink,-,-
Raleigh (Departure Drive),CenturyLink,-,-
Ridge Lea,CenturyLink,-,-
Seattle,CenturyLink,695 m²,-
SLC Delong,CenturyLink,-,-
St. Louis,CenturyLink,-,-
Stamford,CenturyLink,-,-
Tampa,CenturyLink,-,-
Tucson (South Evans Boulevard),CenturyLink,-,-
Washington DC,CenturyLink,-,-
CeraNet DC1,CeraNet,-,-
Lafayette,CGi,-,-
Austin,CH3 Data,-,-
Englewood,Charter Communications,-,-
Westover Hills,Chevron,-,-
Cincinnatti Bell - West 7th Street,Cincinnatti Bell,-,-
Allen 2260 Co Rd 196,Cisco,-,-
Richardson,Cisco,-,-
Cisp,CISP,-,-
San Antonio,CityNAP,-,-
Citynet Columbus,Citynet,-,-
Citynet Indianapolis,Citynet,-,-
Citynet Pittsburgh,Citynet,-,-
Clear Channel Satellite,Clear Channel,-,-
Clear Rate Battle Creek POP,"Clear Rate Communications, Inc",-,-
Clear Rate Southfield POP,"Clear Rate Communications, Inc",-,-
"ClearBearing, Inc.","ClearBearing, Inc.",-,-
ClearData,ClearData,-,-
Dallas,Clearview International,-,-
Waco,Clearview International,-,-
Seattle,Clise Properties,-,-
141 West Jackson Boulevard,CME Group,-,-
Aurora,CME Group,-,-
South Wacker Chicago,CME Group,-,-
CNS Colo,CNS Colo,-,-
Cobalt Cheyenne,Cobalt Data Centers,-,-
Cobalt Sahara,Cobalt Data Centers,-,-
Los Angeles,Cogeco Peer 1,-,-
Miami,Cogeco Peer 1,-,-
New York,Cogeco Peer 1,-,-
Anaheim (South Harbor Boulevard),Cogent Communications Inc.,109 m²,-
Atlanta (Marietta Street),Cogent Communications Inc.,727 m²,-
Boca Raton (Conference Way North),Cogent Communications Inc.,930 m²,-
Boston (Innerbelt Road),Cogent Communications Inc.,1115 m²,-
Chicago (West Jackson Boulevard),Cogent Communications Inc.,1109 m²,-
Cleveland (Euclid Ave),Cogent Communications Inc.,465 m²,-
Columbus (North 5th Street),Cogent Communications Inc.,502 m²,-
Detroit (West Big Beaver Road),Cogent Communications Inc.,522 m²,-
Kansas City,Cogent Communications Inc.,-,-
Miami (Southeast 1st Street),Cogent Communications Inc.,499 m²,-
Naperville,Cogent Communications Inc.,-,-
New York (Whitehall Street),Cogent Communications Inc.,-,-
Pittsburg,Cogent Communications Inc.,-,-
AtlantaNAP,"Colo Facilities Atlanta, LLC",-,-
Colo Solutions Orlando,Colo Solutions,-,-
Colo@34,"COLO@, LLC",-,-
Colo@55,"COLO@, LLC",-,-
Los Angeles DC 2,Colocation America,-,-
Los Angeles DC 5,Colocation America,-,-
San Francisco DC 1,Colocation America,-,-
Beltsville,Coloco,-,-
Coloco #8,Coloco,1207 m²,-
Dallas,ColoCrossing,5946 m²,11100 kW
Dallas 2,Cologix,1115 m²,-
Brooklyn,ColoGuard,-,-
ColoGuys,ColoGuys,-,-
ColoGuys#2,ColoGuys,-,-
ColoHouse,ColoHouse,-,-
ColoHouse Miami,ColoHouse,-,-
ColoHouse Premier Data Center,ColoHouse,-,-
Miami,ColoHouse,-,-
2701 Devils Glen Road,ColoHub LLC,-,-
Bedford Data Center,ColoSpace,-,-
Boston Data Center (Somerville),ColoSpace,-,-
Burlington Data Center,ColoSpace,-,-
ColoSpace Waltham,ColoSpace,-,-
Hartford Data Center,ColoSpace,-,-
Marlborough Data Center,ColoSpace,-,-
Portland Data Center,ColoSpace,-,-
Portsmouth Data Center,ColoSpace,-,-
Providence Data Center,ColoSpace,-,-
Rockland Data Center,ColoSpace,-,-
Westborough Data Center,ColoSpace,-,-
Colostore.com,Colostore.com,-,-
CoLouisiana DC1,CoLouisiana,-,-
ColoUnlimited,ColoUnlimited,-,-
1101 Space Park Drive,Colovore,-,-
Hillsboro,Comcast Cable,-,-
Grand Rapids,COMLINK,-,-
Compass Bank Bldg Albuquerque,Compass Datacenters,-,-
Franklin,Compass Datacenters,-,-
New Albany,Compass Datacenters,-,1200 kW
Connectria,Connectria,-,-
Atlantic City,Continent 8 Technologies,-,-
180 E Broad Street (Continental Plaza Building),Continental Realty,-,-
Continuity Centers,Continuity Centers,-,-
Continuity Centers Chappaqua,Continuity Centers,-,-
Continuum Data Centers,Continuum Datacenters,-,-
ControlCircle New York,ControlCircle,-,-
Core NAP,Core NAP,-,-
Somerset NJ,Core Services Corp,-,-
Bush Terminal Telecom Center,CoreIT,-,-
Chicago,CoreLink,-,-
CoreLink Seattle02,CoreLink,-,-
Phoenix,CoreLink,-,-
Tukwila,CoreLink,-,-
Chicago,CoreSite,16537 m²,-
Los Angeles (900),CoreSite,39391 m²,-
Los Angeles (One Wilshire),CoreSite,13843 m²,-
Miami,CoreSite,3995 m²,-
New York,CoreSite,4459 m²,-
Reston 1,CoreSite,-,-
Reston 2,CoreSite,-,-
Silicon Valley 1,CoreSite,7897 m²,-
Silicon Valley 2,CoreSite,7061 m²,-
Silicon Valley 3,CoreSite,-,-
Silicon Valley 4,CoreSite,-,-
Silicon Valley 5,CoreSite,-,-
Washington DC 1,CoreSite,2044 m²,-
7505 John W. Carpenter Freeway,CoreSpace,-,-
CoreXchange Infomart,CoreXchange,-,-
CoSentry Data Center 1,CoSentry,-,-
CoSentry Midlands,CoSentry,-,-
CoSentry Sioux Falls,CoSentry,-,-
Kansas City Data Center,CoSentry,-,-
Phoenix Data Center,"Cox Communications, Inc.",-,-
Creative Network Innovations,Creative Network Innovations (CNI),-,-
Cross Connect Solutions,Crossconnectsolutions,-,-
"Farmingdale, NY",Crown Castle,-,-
Marlborough,Crown Castle,-,-
New York ,Crown Castle,-,-
Providence,Crown Castle,-,-
Worcester,Crown Castle,-,-
CSSNW Bellingham,"CSS Integration & Communication, Inc.",-,-
Wachovia,"CXP CyberXpress, Inc.",-,-
West 2,"CXP CyberXpress, Inc.",7432 m²,-
210 N. Tucker Blvd,Cybercon,-,-
1919 w Lone Cactus Dr,CyberTrails,-,-
7th St.,CyrusOne,19695 m²,-
Aurora,CyrusOne,9941 m²,184000 kW
Austin 3,CyrusOne,11148 m²,18000 kW
Crescent,CyrusOne,-,2000 kW
Goldcoast,CyrusOne,-,-
Monroe,CyrusOne,557 m²,1000 kW
North Cincinnati,CyrusOne,8826 m²,16000 kW
Norwalk,CyrusOne,6968 m²,16000 kW
Raleigh-Durham,CyrusOne,9755 m²,50000 kW
San Antonio 1,CyrusOne,4088 m²,20000 kW
San Antonio 2,CyrusOne,18209 m²,-
Somerset,CyrusOne,9987 m²,50000 kW
Stamford,CyrusOne,1858 m²,4000 kW
Sterling 4,CyrusOne,2990 m²,12600 kW
Sterling 5,CyrusOne,92903 m²,105000 kW
Totowa,CyrusOne,4645 m²,16000 kW
Wappingers Falls,CyrusOne,3437 m²,10000 kW
West 2,CyrusOne,7432 m²,-
West 3,CyrusOne,41806 m²,-
1 First avenue,Cyxtera,4356 m²,4000 kW
14901 FAA Blvd.,Cyxtera,8957 m²,12000 kW
"14901 FAA Blvd., Building 2",Cyxtera,8382 m²,12000 kW
17836 Gilette Avenue,Cyxtera,10908 m²,19500 kW
210 Hudson Street,Cyxtera,3459 m²,3400 kW
22860 International Drive,Cyxtera,4151 m²,13600 kW
22995 Wilder Court,Cyxtera,2945 m²,4800 kW
300 Boulevard East,Cyxtera,6225 m²,12000 kW
"350 East Cermak, 4th floor",Cyxtera,3465 m²,18000 kW
"350 East Cermak, 7th floor",Cyxtera,4574 m²,8500 kW
375 Riverside Parkway,Cyxtera,56646 m²,6750 kW
4650 Old Ironsides Drive,Cyxtera,8211 m²,18100 kW
4700 Old Ironsides Drive,Cyxtera,6583 m²,18100 kW
587 McDonnell Blvd.,Cyxtera,414 m²,8000 kW
9110 Commerce Center Circle,Cyxtera,764 m²,21900 kW
9180 Commerce Center Circle,Cyxtera,4772 m²,21900 kW
Savvis CH,Cyxtera,15879 m²,25600 kW
W Capovilla Ave 5225,Cyxtera,40529 m²,315000 kW
801 Main Street NW,Dacentec,-,-
Dallas,DartPoints,-,-
Data Ark - Stamford,"Data Ark Systems, LLC.",-,-
Data Cave,Data Cave,-,-
Data Center NYC - LGA4,Data Center NYC,-,-
739 Welch Drive,Data Center West,-,-
Ashburn,Data Foundry,-,-
Austin,Data Foundry,-,-
Houston 2,Data Foundry,32516 m²,60000 kW
Houston Data Center,Data Foundry,-,-
Texas 1 Data Center,Data Foundry,-,-
Data One Kingston Pike,Data One Corporation,-,-
Data One Ray Mears,Data One Corporation,-,-
Chicago Board of Trade Building,Data Stream,-,-
102 S. Tejon,Data102,-,-
Data 393 Englewood,"Data393 Holdings, LLC",-,-
East Twin Cities Data Center,DataBank,4645 m²,20000 kW
North Dallas Data Center,DataBank,3902 m²,20000 kW
Pine Ridge Data Center,DataBank,1115 m²,5000 kW
South Lake Data Center,DataBank,557 m²,1000 kW
West Twin Cities Data Center,DataBank,1486 m²,5000 kW
"Datacenter 101, LLC",Datacenter 101,-,-
SCG Services,DataCenter.BZ,-,-
DataChambers,DataChambers,-,-
Kannapolis,DataChambers,4645 m²,-
Raleigh,DataChambers,-,-
DataPipe Somerset,Datapipe,-,-
San Jose Live / Shopping Mall Colo,Datapipe,-,-
Boise,DataSite,-,-
DataSite Orlando,DataSite,-,-
Datatech Hosting,Datatech,-,-
"Dataware, LLC",Dataware Services,-,-
"Dataware, LLC",Dataware Services,-,-
Sioux Falls 3,Dataware Services,-,-
Datotel,Datotel,-,-
Lehigh Valley,DBSi,-,-
Tek Park,DBSi,-,-
Valley Forge,DBSi,-,-
Beaumeade I,DBT DATA,-,-
Beaumeade II,DBT DATA,-,20000 kW
Beaumeade III,DBT DATA,-,-
Beaumeade IV,DBT DATA,-,-
Harrisonburg,DBT DATA,-,6000 kW
Plano,Dell,-,-
Quincy,Dell,-,-
Marina Towers,DigiLink,-,-
DE Philly,Digital Edge,-,-
New York,Digital Ocean,-,-
New York 2,Digital Ocean,-,-
New York 3,Digital Ocean,-,-
San Francisco,Digital Ocean,-,-
San Francisco 2,Digital Ocean,-,-
101 Aquila Way,Digital Realty Trust,-,-
105 Cabot St.,Digital Realty Trust,3716 m²,10000 kW
1100 Space Park Drive,Digital Realty Trust,5200 m²,3325 kW
1125 Energy Park Drive,Digital Realty Trust,-,-
113 N Myers,Digital Realty Trust,669 m²,810 kW
115 Second Avenue,Digital Realty Trust,-,-
11830 Webb Chapel Road,Digital Realty Trust,11000 m²,-
11900 E Cornell Ave,Digital Realty Trust,9594 m²,6500 kW
120 E. Van Buren,Digital Realty Trust,16200 m²,33840 kW
12001-12245 North Freeway,Digital Realty Trust,2787 m²,25075 kW
1201 Comstock,Digital Realty Trust,8919 m²,3825 kW
1232 Alma Road,Digital Realty Trust,-,-
125 North Myers Street,Digital Realty Trust,685 m²,810 kW
1350 Duane Avenue,Digital Realty Trust,-,-
150 South First Street,Digital Realty Trust,-,-
1500 Space Park Dr,Digital Realty Trust,1600 m²,9000 kW
1500 Towerview Road,Digital Realty Trust,10000 m²,-
1525 Comstock Street,Digital Realty Trust,2716 m²,7650 kW
1725 Comstock Street,Digital Realty Trust,1951 m²,7650 kW
1900 S. Price Road,Digital Realty Trust,3500 m²,10000 kW
2 Peekay Drive,Digital Realty Trust,3000 m²,15000 kW
200 North Nash Street,Digital Realty Trust,-,-
200 Paul Avenue 1-4,Digital Realty Trust,130000 m²,12000 kW
2001 Sixth Avenue,Digital Realty Trust,9000 m²,14025 kW
2010 East Centennial Circle,Digital Realty Trust,1841 m²,-
2045 & 2055 LaFayette Street,Digital Realty Trust,-,-
2055 E Technology Circle,Digital Realty Trust,2300 m²,5700 kW
21110 Ridgetop Circle,Digital Realty Trust,-,-
2121 S. Price Road,Digital Realty Trust,16000 m²,51000 kW
21551 Beaumeade Cir,Digital Realty Trust,-,-
21561-21571 Beaumeade Cir,Digital Realty Trust,-,-
2260 East El Segundo Blvd,Digital Realty Trust,6317 m²,15300 kW
2300 NW 89th Pl,Digital Realty Trust,-,-
2323 Bryan Street,Digital Realty Trust,14500 m²,24247 kW
2334 Lundy Place,Digital Realty Trust,-,-
2401 Walsh Street,Digital Realty Trust,-,-
2403 Walsh Street,Digital Realty Trust,-,-
2440 Marsh Lane,Digital Realty Trust,5574 m²,6750 kW
250 Williams Street NW,Digital Realty Trust,-,-
2501 S State Highway 121,Digital Realty Trust,25000 m²,2400 kW
2805 Lafayette Street,Digital Realty Trust,4831 m²,7650 kW
2820 Northwestern Parkway,Digital Realty Trust,3716 m²,50000 kW
3 Corporate Place,Digital Realty Trust,2323 m²,26000 kW
300 JFK Boulevard East,Digital Realty Trust,9500 m²,14000 kW
3011 Lafayette Street,Digital Realty Trust,2500 m²,12000 kW
3015 Winona Avenue,Digital Realty Trust,-,-
3080 Raymond Street,Digital Realty Trust,-,-
3105 Alfred Street,Digital Realty Trust,341 m²,7650 kW
350 E Cermak Rd. Chicago,Digital Realty Trust,35000 m²,100000 kW
36 NE 2nd St,Digital Realty Trust,5000 m²,2000 kW
365 Main Street,Digital Realty Trust,7000 m²,15000 kW
365 S Randolphville,Digital Realty Trust,22000 m²,22000 kW
375 Riverside Parkway,Digital Realty Trust,7500 m²,4000 kW
3825 NW Aloclek Place,Digital Realty Trust,1672 m²,14952 kW
400 S Akard Street,Digital Realty Trust,8000 m²,-
4025 Midway Rd,Digital Realty Trust,3000 m²,10000 kW
4030 Lafayette Center Drive,Digital Realty Trust,2000 m²,4000 kW
4040 Lafayette Center,Digital Realty Trust,1579 m²,4000 kW
4050 Lafayette Center Drive,Digital Realty Trust,15747 m²,6000 kW
43790 Devin Shafron Dr,Digital Realty Trust,-,-
43791 Devin Shafron Dr,Digital Realty Trust,4000 m²,12000 kW
43830 Devin Shafron Dr,Digital Realty Trust,3500 m²,10000 kW
43881 Devin Shafron Dr,Digital Realty Trust,5500 m²,16000 kW
43915 Devin Shafron Dr,Digital Realty Trust,4935 m²,12000 kW
43940 Digital Loudoun Plaza,Digital Realty Trust,12000 m²,44000 kW
44060 Digital Loudoun Plaza,Digital Realty Trust,8500 m²,32000 kW
44100 Digital Loudoun Plaza,Digital Realty Trust,6500 m²,25000 kW
44470 Chillum Place,Digital Realty Trust,-,-
4849 Alpha Road,Digital Realty Trust,3500 m²,9500 kW
55 Middlesex Turnpike,Digital Realty Trust,4459 m²,10000 kW
600 Winter St,Digital Realty Trust,-,3400 kW
600-780 South Federal,Digital Realty Trust,5000 m²,10000 kW
717 Leonard Street,Digital Realty Trust,-,-
720 Second Street,Digital Realty Trust,4645 m²,12325 kW
731 E Trade St,Digital Realty Trust,-,-
7401 E. Ben White Boulevard,Digital Realty Trust,6200 m²,2400 kW
7500 Metro Center Dr,Digital Realty Trust,2500 m²,8000 kW
7505 Mason King Court,Digital Realty Trust,-,-
760 Doug Davis Dr,Digital Realty Trust,-,-
7620 Metro Center Drive,Digital Realty Trust,1200 m²,750 kW
8100 Boone Boulevard,Digital Realty Trust,929 m²,800 kW
"8201 E. Riverside Drive, Building 4-6",Digital Realty Trust,4000 m²,-
8435 N. Stemmons Freeway,Digital Realty Trust,3252 m²,4000 kW
850 E. Collins Blvd,Digital Realty Trust,5574 m²,12400 kW
8534 Concord Center Dr,Digital Realty Trust,-,-
900 Quality Way,Digital Realty Trust,5574 m²,12400 kW
904 Quality Way,Digital Realty Trust,3716 m²,20000 kW
907 Security Row,Digital Realty Trust,6503 m²,12750 kW
908 Quality Way,Digital Realty Trust,650 m²,-
"9333, 9355 & 9377 Grand Ave.",Digital Realty Trust,16723 m²,60000 kW
950 E. Collins Blvd,Digital Realty Trust,5574 m²,12400 kW
SBP1,"Digital West Networks, Inc.",-,-
Intergate West,digital.forest,-,-
Ashburn,Dimension Data,-,-
Ashburn 2,Dimension Data,-,-
San Jose,Dimension Data,-,-
Austin Technology Park,Dimension Mission Critical Facilities,-,-
Dallas (Plano),Dimension Mission Critical Facilities,-,-
Kings Mountain,Disney,-,-
DLS Internet 216 Jackson,DLS Internet Services,-,-
DLS Internet LITH,DLS Internet Services,-,-
"The Fort  Honolulu, Hawaii",DRFortress,-,-
DRS Youngstown North Datacenter,DRS,-,-
Ultra Green Center,DTS-Net,-,-
Dynamic Quest,Dynamic Quest,-,-
Austin,Eagle Eye Networks,-,-
Boulder,Earthnet,-,-
Beaverton,EasyStreet Online,-,-
Arizona,Ebay,-,-
Utah,Ebay,-,-
EdgeBCC,EdgeBCC,929 m²,500 kW
Atlanta,EdgeConneX,622 m²,-
Boston,EdgeConneX,1124 m²,-
Denver,EdgeConneX,557 m²,-
Detroit,EdgeConneX,929 m²,-
Houston,EdgeConneX,1030 m²,-
Jacksonville,EdgeConneX,673 m²,-
Las Vegas,EdgeConneX,380 m²,-
Memphis,EdgeConneX,566 m²,-
Miami,EdgeConneX,641 m²,-
Nashville,EdgeConneX,510 m²,-
Norfolk,EdgeConneX,473 m²,-
Phoenix,EdgeConneX,798 m²,-
Pittsburgh,EdgeConneX,464 m²,-
Portland,EdgeConneX,557 m²,-
Richmond,EdgeConneX,700 m²,-
Sacramento,EdgeConneX,622 m²,-
Salt Lake City,EdgeConneX,500 m²,-
San Diego,EdgeConneX,-,-
Seattle,EdgeConneX,600 m²,-
Tallahassee,EdgeConneX,399 m²,-
Durham,Emerging Markets Communications (EMC),-,-
Nexus Management,EnablesIT,-,-
ENGUARD Data Center,Enguard,-,-
Chicago (CHI2),Enseva,-,1050 kW
Dubuque,Enseva,-,-
Hiawatha,Enseva,-,-
Infocrossing,Ensono,-,-
Infocrossing,Ensono,-,-
Kings Mountain,Ensono,-,-
Enterhost,Enterhost,-,-
Enterprise Cloud Computing Center EC3,Enterprise Cloud Computing Center EC3,-,-
Atlanta 1,Equinix,3996 m²,-
Atlanta 4,Equinix,-,-
Atlanta 5,Equinix,-,-
Boston 1,Equinix,1235 m²,-
Boston 2,Equinix,7060 m²,-
Boston 2,Equinix,-,-
Chicago 1,Equinix,4737 m²,-
Chicago 2,Equinix,5468 m²,-
Chicago 3,Equinix,10633 m²,-
Chicago 4,Equinix,1781 m²,-
Culpeper 1,Equinix,-,-
Culpeper 2,Equinix,-,-
Culpeper 3,Equinix,-,-
Culpeper 4,Equinix,-,-
Dallas 1,Equinix,2820 m²,2000 kW
Dallas 2,Equinix,2280 m²,-
Dallas 3,Equinix,876 m²,-
Dallas 6,Equinix,7710 m²,-
Dallas 9,Equinix,-,-
Denver,Equinix,1125 m²,-
Denver,Equinix,-,-
Denver 2,Equinix,-,-
Elmsford,Equinix,1458 m²,-
Houston 1,Equinix,6000 m²,-
Infomart Dallas,Equinix,48310 m²,50000 kW
Los Angeles 2,Equinix,1284 m²,-
Los Angeles 3,Equinix,7276 m²,-
Los Angeles 4,Equinix,5775 m²,-
Los Angeles 7,Equinix,-,-
Manassas,Equinix,3716 m²,-
Miami 1,Equinix,-,-
Miami 3,Equinix,1765 m²,-
New York 11,Equinix,-,-
New York 12,Equinix,-,-
New York 13,Equinix,-,-
New York 2,Equinix,12174 m²,-
New York 4,Equinix,14100 m²,-
New York 5,Equinix,5789 m²,-
New York 6,Equinix,-,-
New York 7,Equinix,3577 m²,-
Seattle 3,Equinix,1649 m²,-
Seattle 4,Equinix,-,-
Silicon Valley 1,Equinix,7697 m²,-
Silicon Valley 10,Equinix,-,-
Silicon Valley 13,Equinix,-,-
Silicon Valley 15,Equinix,-,-
Silicon Valley 16,Equinix,-,-
Silicon Valley 17,Equinix,-,-
Silicon Valley 3,Equinix,5062 m²,-
Silicon Valley 4,Equinix,6282 m²,-
Silicon Valley 5,Equinix,2689 m²,-
Silicon Valley 6,Equinix,1333 m²,-
Silicon Valley 8,Equinix,2443 m²,-
Washington 1,Equinix,1852 m²,-
Washington 11,Equinix,3978 m²,-
Washington 13,Equinix,-,-
Washington 14,Equinix,-,-
Washington 2,Equinix,11004 m²,-
Washington 4,Equinix,5629 m²,-
Washington 6,Equinix,5516 m²,-
Washington 7,Equinix,2541 m²,-
Washington 8,Equinix,926 m²,-
E-Solutions Tampa,Erron Pettry,-,-
Houston,Evolve Discovery,-,-
ETC-LITH,Excalibur Technology,-,-
Baltimore Owings Mills,Expedient,818 m²,-
Baltimore Tide Point,Expedient,827 m²,-
Boston,Expedient,2395 m²,-
Cleveland Neo 151,Expedient,1254 m²,-
Cleveland Neo 152,Expedient,1254 m²,-
Columbus Upper Arlington,Expedient,864 m²,-
Indianapolis,Expedient,2415 m²,-
Pittsburgh ACM,Expedient,1486 m²,-
Pittsburgh Green Tree,Expedient,1115 m²,-
Herndon,Expert Colocation,-,-
Los Angeles,Expert Colocation,-,-
New York,Expert Colocation,-,-
Reston,Expert Colocation,-,-
Fort Worth,Facebook,-,-
Prineville,Facebook,-,-
Prineville 3,Facebook,-,-
Rutherford,Facebook,-,-
Laconia,"FairPoint Communications, Inc.",-,-
Manchester,"FairPoint Communications, Inc.",-,-
365 Main Street,Fastmetrics,-,-
Data Center 360 Spear Street,Fastmetrics,-,-
FDCservers.net Chicago,FDCservers.net LLC,-,-
LAS1,Fiberhub,-,-
FiberMedia 36 NE 2nd,FiberMedia,-,-
FiberMedia 75 Broad,FiberMedia,-,-
FiberMedia Cleveland,FiberMedia,-,-
FiberMedia Seacaucus,FiberMedia,-,-
FiberMedia Westchester (Chappaqua),FiberMedia,-,-
Fiberpipe,Fiberpipe,-,-
Fibertech Albany,Fibertech,-,-
Fibertech Stamford,Fibertech,-,-
Houston,FIBERTOWN,-,-
CrossPoint Parkway,Fidelis Care,-,-
Fidelity Voice and Data,Fidelity,-,-
Network 222,Fiore Companies,-,-
First National Technology Solutions,First National Technology Solutions,-,-
Garner,"Five 9s Digital, LLC",-,-
Arapahoe,Flexential,1986 m²,2550 kW
Atlanta 1,Flexential,-,-
Austin,Flexential,699 m²,825 kW
Campus View,Flexential,1764 m²,2000 kW
Carson 1,Flexential,1274 m²,2000 kW
Carson 2,Flexential,1274 m²,2000 kW
Champa,Flexential,704 m²,1275 kW
Charlotte 1,Flexential,-,-
Cincinnati,Flexential,4046 m²,-
Cornell,Flexential,9594 m²,15000 kW
Delong,Flexential,3102 m²,3500 kW
Fort Lauderdale,Flexential,9777 m²,15786 kW
Hillsboro Data Center Complex,Flexential,4660 m²,3960 kW
Jacksonville,Flexential,3269 m²,5278 kW
Lone Mountain,Flexential,6132 m²,9000 kW
Louisville,Flexential,-,-
Nashville 1,Flexential,-,-
Presidents,Flexential,707 m²,1000 kW
Raleigh,Flexential,9288 m²,14996 kW
Richmond,Flexential,3482 m²,5621 kW
Synergy Park,Flexential,4724 m²,9000 kW
Tampa,Flexential,-,-
Wazee,Flexential,609 m²,900 kW
Carrollton,Fogo Data Centers,-,-
Fogo Data Center Solutions,Fogo Data Centers,-,-
Fogo Data Centers - New Orleans,Fogo Data Centers,-,-
Intergate West,Fortress Colocation Centers,-,-
San Francisco,Fortress Data Centers,-,-
Hillsboro,Fortune Data Centers,-,-
Silicon Valley,Fortune Data Centers,-,-
400 S. Akard,Freeman Group,-,-
Fort Collins,Front Range Internet,-,-
Frontline Data Services Data Center,Frontline Data Services,-,-
Westover Data Center,Frost Bank,-,-
New York,Fujitsu Global,-,-
Miami,Future Hosting,-,-
G4 Colo Center,G4 Communications,-,-
The ColoHub Data Center,Geneseo Communications,-,-
NZ$10.5m,Gen-i,-,-
Ashburn,Gigenet,-,-
GIPNetworks Plano,GIPNetworks,-,-
Digital Enterprise Center,Global Access Point,-,-
GAP Indy Data Center,Global Access Point,-,-
Union Station,Global Access Point,-,-
Global Dataplex Lansing,Global Dataplex,-,-
Atlanta - DC1,Global-Enterprise,-,-
Atlanta - DC2,Global-Enterprise,-,-
Phoenix,GoDaddy,-,-
1300 Federal Boulevard,Goldman Sachs,-,-
Berkeley County,Google,-,-
Council Bluffs,Google,-,-
Douglas County,Google,-,-
Lenoir,Google,-,30000 kW
Mayes County,Google,-,-
The Dalles,Google,9000 m²,15000 kW
GoRACK Data Center,Gorack,-,-
449 Route,Gotham Bus,-,-
Fall River,Granite Block Global Data Center Inc.,-,-
Kanata,Granite Networks,1300 m²,2000 kW
Lake Park,Great Lakes Communication Corporation (GLCC),-,-
Rockville,Greencourt Group,-,-
Warren,Griffin Capital Essential Asset REIT,-,-
14520 NE 87th St,Griffin Capital Net Lease REIT,-,-
Telecom Center LA,Grubb & Ellis,-,-
Houston,GTL,-,-
Phoenix,H5 Data Center,5574 m²,30000 kW
Hamilton Managed Hosting- Aurora,Hamilton Managed Hosting&Colocation,-,-
Handy Networks Denver,Handy Networks,-,-
Herakles,Herakles Data Center,-,-
Atlanta (Alpharetta),Hewlett Packard (HP),-,-
Atlanta (Suwanee),Hewlett Packard (HP),-,-
Austin 1,Hewlett Packard (HP),-,-
Austin 2,Hewlett Packard (HP),-,-
Clarksville,Hewlett Packard (HP),-,-
Colorado Springs,Hewlett Packard (HP),-,-
Houston 1,Hewlett Packard (HP),-,-
Houston 2,Hewlett Packard (HP),-,-
Chad D. Morris,HFT Technologies,-,-
Lynn CLS,Hibernia Atlantic,-,-
Dallas Data Center,High Touch Technologies,-,-
Fisher Plaza Seattle,Hines Global REIT,-,-
Dallas 1,Horizon Data Center Solutions,-,-
Dallas 2,Horizon Data Center Solutions,-,-
Dallas 3,Horizon Data Center Solutions,-,-
Broadband One,Host.net,-,-
Host.net Delray Beach,Host.net,-,-
Host.net Ft. Lauderdale (formerly Hostway),Host.net,-,-
HostDime Orlando,Hostdime.com,-,-
Denver,Hosting,-,-
Louisville,Hosting,-,-
Newark,Hosting,-,-
710 Tucker St Louis,Hostirian,-,-
Bandwidth Exchange Building,Hostirian,-,-
Borman Data Center,Hostirian,-,-
HostMySite,HostMySite,-,-
Hostway Boeing Data Center,Hostway,-,-
Hostway Tampa,Hostway,-,-
Hot Site Data Center- Cincinnati,Hot Site Data Center,-,-
Subtropolis,Hunt Midwest,-,-
Fremont 1,Hurricane Electric,3000 m²,-
Fremont 2,Hurricane Electric,18500 m²,-
San Jose (Silicon Valley),Hurricane Electric,250 m²,-
IC2NET Tustin Data Center,IC2NET,1115 m²,-
iConnect Billings,iConnect Montana,-,-
iConnect Bozeman,iConnect Montana,-,-
iConnect Helena,iConnect Montana,-,-
iConnect Missoula,iConnect Montana,-,-
I-Evolve Data Center,I-Evolve,-,-
IgLou Colocation,IgLou Internet Services Inc.,-,-
Columbia,Immedion,465 m²,-
Downtown Cincinnati,Immedion,1246 m²,-
Greenville,Immedion,975 m²,-
Rock Hill,Immedion,297 m²,-
Goleta,Impulse Advanced Communications,-,-
Santa Barbara,Impulse Advanced Communications,-,-
Atlanta,INAP (Internap Corporation),3700 m²,-
Boston 1,INAP (Internap Corporation),6500 m²,-
Boston 2,INAP (Internap Corporation),4200 m²,-
Chicago ,INAP (Internap Corporation),-,-
Dallas,INAP (Internap Corporation),6000 m²,12000 kW
Houston,INAP (Internap Corporation),3800 m²,-
Los Angeles,INAP (Internap Corporation),9300 m²,5000 kW
Manhattan,INAP (Internap Corporation),-,-
New York,INAP (Internap Corporation),4000 m²,-
Santa Clara,INAP (Internap Corporation),3000 m²,-
Seattle 1,INAP (Internap Corporation),3300 m²,-
Seattle 2,INAP (Internap Corporation),5900 m²,-
Indiana Data center,Indiana Data Center,-,-
Boston,InetServices,-,-
Chicago,InetServices,-,-
Santa Clara,InetServices,-,-
Boston,Infinitely Virtual,-,-
Infinity Data Center,"Infinity Hosting Solutions, LLC",-,-
Infinity Internet,Infinity Internet Inc.,-,-
InfoBunker,InfoBunker,-,-
Dulles Exchange,"InfoRelay Online Systems, Inc.",-,-
Reston,"InfoRelay Online Systems, Inc.",-,-
Iowa Data Center,Infrastructure Technology Solutions,-,-
Neutral Tandem,Inteliquent,-,-
Intero Systems- Pheonix Parkway,Intero Systems,-,-
InterServer- New Jersey,InterServer,-,-
Akron,Involta,-,-
Boise,Involta,-,-
Boise 2,Involta,929 m²,-
Duluth,Involta,-,-
Marion,Involta,929 m²,-
Tucson,Involta,-,-
Youngstown,Involta,-,-
Hillsboro,iovation,-,-
Westown Communications Center,Iowa Network Services,-,-
Urbandale,IP Pathways,-,-
ipHouse Data Center,IpHouse,-,-
IPR Reading BCC,IPR International,-,-
IPR Wilmington CCC,IPR International,-,-
IRIS - Nashville,IRIS,-,-
IRIS - Nashville,iRis Networks,-,-
Denver,Iron Mountain,19000 m²,34 kW
New Jersey,Iron Mountain,19788 m²,48000 kW
"ISafeTECH Syracuse, NY",ISafeTECH,-,-
Iserv Company,Iserv,-,-
Isocentric Data Center (IDC),Isocentric Networks,-,-
IStreet Solutions Vernon,IStreet Solutions,-,-
ixColo Buffalo,ixColo,-,-
JMA Wired San Francisco,JMA Ventures,-,-
JMA NAC Los Angeles,JMA Wired,-,-
Joes Datacenter,Joes Datacenter,-,-
Philcade Data Center,Kanbar Properties KPM,-,-
Kanobe Bothell,Kanobe,-,-
iGlass Calgary,Katalyst,-,-
iGlass Houston,Katalyst,-,-
KDWEB San Jose,KDweb,-,-
IS West (Agoura Ct),keyinfo,-,-
IS West (Canwood),keyinfo,-,-
KeySpan Brentwood NY POP,KeySpan Communications,-,-
Pennsylvania,Keystone NAP,-,-
US Bank Building,Kiemle & Hagood,-,-
545 Washington Boulevard,Knight Capital Group,-,-
Denver,Latisys,-,-
Denver 2,Latisys,-,-
Latisys CHI2,Latisys,-,-
Latisys-Ashburn,Latisys,-,-
Latisys-Chicago,Latisys,-,-
Latisys-Irvine,Latisys,-,-
Oak Brook,Latisys,-,-
Layer42 Mountain View,Layer42 Networks,-,-
Layer42 Santa Clara,Layer42 Networks,-,-
AirWorld Technology Center,"Layered Technologies, Inc.",-,-
AirWorld Technology Center,"Layered Technologies, Inc.",-,-
Liberty Center One Data Center,Liberty Center One,8000 m²,2500 kW
LightBound - 800 Oliver,Lightbound,-,-
Lightbound Indianapolis,Lightbound,-,-
Portland Data Center,LightPoint Colocation & Hosting,-,-
Liquid Web DC1,Liquid Web,-,-
Liquid Web DC2,Liquid Web,-,-
Boston,LoadSpring Solutions,-,-
San Diego,LoadSpring Solutions,-,-
Login Top-Tier Data Center,"Login, Inc.",-,-
Looking Glass Networks NYC Node,Looking Glass Networks,-,-
Westover Hills,Lowe's,-,-
DC74 (BWI-1),Lumos Data Centers (LDC),-,-
DC74 (CLT-1),Lumos Data Centers (LDC),-,-
DC74 (CLT-2),Lumos Data Centers (LDC),-,-
LasVegas.Net,LV.net,-,-
Amhurst,M&T Bank,-,-
Western New York,M&T Bank,-,-
Phoenix,Mac Mini Vault,-,-
Albany Data Center,Magna5,-,-
Main Place Mall,Main Place Mall,-,-
Mainstream Technologies,"Mainstream Technologies, Inc.",-,-
Covington,Marias Technology,-,-
Lowell,"Markley Boston, LLC.",-,-
One Summer Street Boston,"Markley Boston, LLC.",-,-
Marlin eSolutions,Marlin eSolutions,-,-
MTC,Matrix Telecommunications Corporation,-,-
2020 Live Oak,MCFMAX,-,-
Chicago,McHugh Construction,-,-
McAllen Data Center,MDC (McAllen Data Center),-,-
MegaGate Broadband Data Center,MegaGate Broadband,-,-
565 Metro Place South,Metro Datacenter,-,-
Miami Data Vault,Miami Data Vault,-,-
Boydton Virginia,Microsoft,-,-
Cheyenne,Microsoft,-,-
Laramie - Cheyenne,Microsoft,-,-
Northlake,Microsoft,-,-
Quincy,Microsoft,-,-
Quincy 2,Microsoft,-,-
San Antonio,Microsoft,-,-
West Des Moines 3,Microsoft,-,-
Westover Hills 2,Microsoft,-,-
MIDCON Recovery Solutions,MIDCON Inc.,-,-
MindSHIFT Commack,MindSHIFT,-,-
Las Vegas,Mohave Community College,-,-
Phoenix,Mohave Community College,-,-
Evergreen,MontanaSky Networks,-,-
NASA Moffet Field,NASA Integrated Services Network,-,-
Langley,NASA space agency,-,-
1400 Federal Boulevard,NASDAQ,-,-
NASPlex Data Center,NASPlex,-,-
Camp Williams,National Security Agency NSA,-,-
High Performance Computing Center 2,National Security Agency NSA,-,-
NationalNet,"NationalNet, Inc.",-,-
Nationwide Internet,Nationwide,-,-
Shiprock,Navajo Tribal Utility Authority,-,-
Andover,Navisite,4831 m²,6000 kW
New York,Navisite,1765 m²,850 kW
Oak Brook,Navisite,660 m²,750 kW
Syracuse,Navisite,768 m²,750 kW
Rockledge,ndtArtemis,-,-
Lincoln,Nebraska Colocation Centers,-,-
1623 Farnam,Nebraska Data Centers,5100 m²,-
Dallas Texas Data Center,"Negma Business Solutions, Inc",-,-
Englewood Colorado Data Center,"Negma Business Solutions, Inc",-,-
Richmond,NephoScale,-,-
Net Access - Cedar Knolls I,Net Access Corporation,-,-
Net Access - Parsippany I,Net Access Corporation,-,-
Net Access - Parsippany II,Net Access Corporation,-,-
EWR1,Net2EZ,-,-
IAD1,Net2EZ,-,-
IAD3,Net2EZ,-,-
IAD4,Net2EZ,-,-
LAX1,Net2EZ,-,-
LAX4,Net2EZ,-,-
Triangle Research Park,NetApp,-,-
Jackson,Netdoor,-,-
Asheville 1,Netriplex,-,-
Netriver,NetRiver,-,-
Oak Tower DC,Netsolus,-,-
NetSource Data Center,NetSource,-,-
SSAE 16 Compliant Data Center,NetStandard,-,-
North Miami,netTALK,-,-
Waltham Data Center,New England Data Services,-,-
Wall,New Jersey Fiber Exchange (NJFX),-,-
Datacenter 1,New York Internet,-,-
Datacenter 2,New York Internet,-,-
New Jersey 1,New York Internet,-,-
Downtown Los Angeles Data Center,Newmark Grubb Knight Frank NGKF,-,-
Westover Hills Data Center,Newmark Grubb Knight Frank NGKF,-,-
Dearborn,Nexcess,-,-
Southfield,Nexcess,-,-
NFrame,nFrame,-,-
NGenX - Evansville,NGenX,-,-
NGenX - Indianapolis,NGenX,-,-
NGenx - Lafayette,NGenX,-,-
"NGenX - Louisville, KY",NGenX,-,-
Niobrara Data Center Energy Park,Niobrara NatGas,-,-
Albuquerque,NOVA Corporation,-,-
Fort Worth,Novartis,-,-
San Antonio,Nugget Networks,-,-
NuVox Atlanta,NuVox,-,-
NuVox Nashville,NuVox,-,-
NWI Networks- Newington,nwiNetworks,-,-
Alexandria,NxtVN,-,-
Mahwah New Jersey,NYSE Euronext,-,-
La Vista Nebraska,Oath,-,-
Lockport,Oath,-,-
Lockport 2,Oath,-,-
Quincy,Oath,-,-
OCOSA Data Center,"OCOSA Communication, LLC",-,-
Coeur D'Alene,OneEighty Networks,-,-
Spokane,OneEighty Networks,-,-
Walla Walla,OneEighty Networks,-,-
Bend,OneNeck,1068 m²,-
Cedar Falls,OneNeck,-,-
Denver,OneNeck,-,-
Des Moines,OneNeck,1486 m²,-
Madison,OneNeck,3901 m²,-
Minneapolis,OneNeck,-,-
Phoenix 1,OneNeck,-,-
Phoenix 2,OneNeck,-,-
Somerset,OneNeck,-,-
Ann Arbor 2 (Data Court),Online Tech,929 m²,-
Mid Michigan (Exchange Drive),Online Tech,2090 m²,4000 kW
Ontario Datacenter,Ontario Datacenter,-,-
Optiquest Datacenter,Optiquest,-,-
Austin,Oracle,-,-
"OrbitCom, Inc. - Coeur d'Alene","OrbitCom, Inc.",-,-
Oso Secure,OSO Technologies,-,-
Brunswick Landing,Oxford Networks,-,-
Albuquerque,Pacific Office Auromation,-,-
Las Vegas,Pair Networks,-,-
Parsec Data Center,Parsec Data Management,-,-
Patrick Solutions,Patrick Solutions,-,-
Frisco,Patronus Data Centers,9290 m²,-
Bemidji,Paul Bunyan Communications,-,-
PCI Data Center,PCI,-,-
New Albany,PCM,-,-
Chattanooga,Peace Communications,-,-
Hershey,Penn State,-,-
University Park,Penn State,-,-
Perimeter Technology Oklahoma City #1,Perimeter Technology,-,-
Perimeter Technology Oklahoma City #2,Perimeter Technology,-,-
Perimeter Technology Tulsa,Perimeter Technology,-,-
Data Center Services Philadelphia,Philadelphia Technology Park,-,-
Phoenix NAP,Phoenix NAP,-,-
Pittock Internet Exchange,Pittock Internet Exchange,-,-
Hanover County,Pixel Factory Data Center,-,-
StoweVT,Power Shift,-,-
Printer's Square Chicago (600 S Federal),Printers Square,-,-
PRISM Technologies,PRISM Technologies,-,-
Rhode Island,Prov.net,-,-
Los Angeles,Psychz Networks,-,-
Sheridan,Ptolemy Data Systems,-,-
Pugmarks,Pugmarks,-,-
QuadraNet LA,QuadraNet,-,-
Atlanta Metro,Quality Technology Services (QTS),49331 m²,100000 kW
Irving,Quality Technology Services (QTS),27128 m²,120000 kW
Jersey City,Quality Technology Services (QTS),4738 m²,-
Miami,Quality Technology Services (QTS),1858 m²,1700 kW
Overland Park,Quality Technology Services (QTS),232 m²,-
Sacramento,Quality Technology Services (QTS),4274 m²,9000 kW
Santa Clara 1,Quality Technology Services (QTS),3716 m²,-
Santa Clara 2,Quality Technology Services (QTS),1394 m²,-
Suwanee,Quality Technology Services (QTS),17187 m²,-
Quasar Data Center,Quasar Data Center,-,-
McClellan BRC,Quest,-,-
Detroit,Quicken Loans,-,-
Quonix Networks,Quonix Networks Inc.,-,-
RACK59 Data Center,RACK59,3500 m²,25000 kW
Dallas,Rackspace,-,-
Sacramento 1,RagingWire,11612 m²,-
Sacramento 2,RagingWire,11612 m²,-
Razor Data Center,Razor Servers,-,-
RCN Metro 56 Roland,"RCN Telecom Services, LLC",-,-
3500 NW,Real Effects,-,-
Chicago,Realtime Systems Group,-,-
New York,Realtime Systems Group,-,-
840 South Canal Street,Red Sea Group,-,-
12270 World Trade Drive,redIT,-,-
9606 Aero Drive,redIT,-,-
RelyNet Data Center,RelyNet Inc.,-,-
RockyNet Inc. Boulder,RockyNet Inc.,-,-
RockyNet Inc. Denver,RockyNet Inc.,-,-
34 St. Martin Drive,RREEF,-,-
RT 3811,"RT Software Systems, Inc.",-,-
Rubicon Data Centers,Rubicon Data Centers,-,-
The Hub,"Rudin Management Company, Inc.",-,-
Intergate.Manhattan,Sabey Data Centers,278709 m²,18000 kW
Intergate.Quincy,Sabey Data Centers,37904 m²,60000 kW
Intergate.Seattle-East,Sabey Data Centers,111484 m²,77000 kW
Intergate.Seattle-West,Sabey Data Centers,16072 m²,77000 kW
SafeHouse Datacenter,SafeHouse Datacenter,-,-
Sago Networks Atlanta,"SAGO Networks, LLC.",-,-
Sago Networks Tampa,"SAGO Networks, LLC.",-,-
Sargasso Networks,Sargasso Networks Inc.,-,-
San Diego,ScaleMatrix,-,-
Scott Data Center,Scott Technology Center,-,-
Kalamazoo,Secant,-,-
Secured Network Services,Secured Network Services (SNS),-,-
Server Central Chicago,Server Central,-,-
Server Corps,Server Corps,-,-
Chicago,ServerFarm,12449 m²,38000 kW
"Moses Lake, Washington",ServerFarm,12635 m²,24000 kW
"Santa Clara, CA",ServerFarm,1263 m²,-
ServerPhase Data Center,ServerPhase,-,-
ServOnDemand,ServOnDemand,-,-
Shatter I.T.,Shatter I.T.,-,-
Shatter I.T. Buffalo 2,Shatter I.T.,-,-
Lynn,Shore.net,-,-
Cross Connect Solutions,Sidera Networks,-,-
Long Island Fiber - Smithtown,Sidera Networks,-,-
Sierra Data Center,Sierra Data Center,-,-
SVCOLO (Sunnyvale),"Silicon Valley Colocation, Inc.",-,-
SVCOLO Santa Clara,"Silicon Valley Colocation, Inc.",-,-
SVTIX San Jose,Silicon Valley Telecom & Internet Exchange,-,-
SimpleNet Colo,SimpleNet,-,-
Simply Bits Vault,Simply Bits,-,-
Sitco Data Center,Sitco,-,-
Palisades,Skae Power Solutions,-,-
Houston,Skybox Datacenters,-,-
Smart City Data Center,Smart City,-,-
Island of Maui,Smartronix,-,-
SMH Colocation Data Center,SMH Colocation,-,-
Smith and Hammaker,Smith and Hammaker,-,-
The Planet 1700 Summit,SoftLayer Technologies (IBM Cloud),-,-
The Planet 855 Greens Pkwy,SoftLayer Technologies (IBM Cloud),-,-
The Planet Dallas,SoftLayer Technologies (IBM Cloud),-,-
The Planet Houston,SoftLayer Technologies (IBM Cloud),-,-
SolutionPro Boise Idaho,SolutionPro,-,-
Spectra Access Data Center,Spectra Access,-,-
Spirit Telecom Data Center,Spirit Communications,-,-
SpringNet Underground,SpringNet,-,-
Springs Hosting Data Center,Springs Hosting,-,-
Sprint Pennsauken,Sprint,-,-
GlobeOp,SS&C GlobeOp,-,-
Stafford Assoicates Data Center,Stafford Associates,-,-
YourNet Connection,Starpoint Digital,-,-
Richardson,State Farm,-,-
"350 E Cermak Rd, Chicago",Steadfast Networks,100000 m²,-
"725 S. Wells Street, Chicago ",Steadfast Networks,-,-
Dedicated Server Store,STEALTH - ISS® Inc,-,-
South Brunswick,Steel Orca,-,-
SteelVault OX-1,SteelVault,-,-
Park Tower,"Sterling American Property, Inc.",-,-
Stone Mountain Data Complex,Stone Mountain,-,-
Dallas,Storagepipe,-,-
Consonus PDC,StraTech,-,-
Consonus SDC,StraTech,-,-
Consonus WDC,StraTech,-,-
StratITsphere - Alpha,StratITsphere,-,-
StratITsphere - Echo,StratITsphere,-,-
Alpharetta Data Center,Sungard,4274 m²,-
Atlanta Data Center,Sungard,1812 m²,-
Boston BOS-020 data center,Sungard,2326 m²,1920 kW
Boston BOS-70 data center,Sungard,232 m²,450 kW
Carlstadt CRL-410 Data Center,Sungard,8719 m²,-
Carlstadt CRL-760 Data Center,Sungard,3995 m²,-
Carlstadt CRL-777 Data Center,Sungard,15979 m²,-
Chicago CHI-3100 Workgroup,Sungard,84 m²,-
Chicago CHI-341 Data Center,Sungard,2415 m²,400 kW
Chicago CHI-711 Data Center,Sungard,7897 m²,400 kW
Cleveland Workgroup,Sungard,412 m²,-
Cypress Workgroup,Sungard,883 m²,-
Dallas DAL-1001 Data Center,Sungard,3252 m²,6000 kW
Dallas DAL-3001 Workgroup,Sungard,1208 m²,-
Denver DEN-3431 Data Center,Sungard,4181 m²,11000 kW
Denver DEN-550 Data Center,Sungard,1858 m²,-
Detroit Workgroup,Sungard,353 m²,-
Federal Way Workgroup,Sungard,279 m²,-
Houston HOU-12025 Data Center,Sungard,1394 m²,2000 kW
Houston HOU-12175 Data Center,Sungard,1022 m²,2000 kW
Indianapolis Workgroup,Sungard,361 m²,-
Marlborough MA-250 Workgroup,Sungard,2137 m²,420 kW
Marlborough MA-260 Workgroup,Sungard,1394 m²,-
New York City Workgroup,Sungard,2276 m²,-
Orlando Workgroup,Sungard,158 m²,-
Philadelphia PHL-1500 Data Center,Sungard,16588 m²,-
San Ramon Workgroup,Sungard,1394 m²,-
Scottsdale Data Center,Sungard,4181 m²,-
Smyrna Workgroup,Sungard,2230 m²,-
St. Paul Workgroup,Sungard,929 m²,-
SVCOLO Santa Clara,SVCOLO,2866 m²,-
SVCOLO Sunnyvale,SVCOLO,-,-
SVTIX Data Center,SVTIX,-,-
Frederick Data Center I,Swift Systems,-,-
Las Vegas,Switch,-,-
Las Vegas 1-6,Switch,4000 m²,15000 kW
Las Vegas 7,Switch,23000 m²,100000 kW
Synergy Broadband State Street,Synergy Broadband,-,-
3705 Raymond Street,Syptec,-,-
Syptec - Phoenix,Syptec,-,-
Syptec - Salt Lake City,Syptec,-,-
Syptec - Vegas,Syptec,-,-
T5@Atlanta I,T5 Data Centers,5052 m²,-
T5@Atlanta II,T5 Data Centers,6193 m²,-
T5@Charlotte,T5 Data Centers,3484 m²,18000 kW
T5@Dallas I,T5 Data Centers,-,-
TEAM Technologies Data Center,TDS,-,-
TEAM Companies Cedar Falls,TEAM Companies,-,-
TEAM Companies Des Moines,TEAM Companies,-,-
Teamnet Cedar Falls,Teamnet Technologies,-,-
Tech Vault Data Center,"Tech Vault, Inc.",-,-
Las Vegas,Telecom Real Estate Services (TRES),-,-
Miami Keycentre,Telefonica,-,-
Los Angeles Center,Telehouse,-,500 kW
New York Chelsea,Telehouse,5500 m²,3500 kW
Orange County Internet Exchange,Telekenex,-,-
190 Park Center Plaza San Jose,Telepacific,-,-
Telepacific,Telepacific,-,-
TeleSource IDC,TeleSource,-,-
New York,Telia Carrier,-,-
New York,Telix,-,-
New York 2,Telix,-,-
New York 3,Telix,-,-
TelJet Longhaul Data Center,"TelJet Longhaul, LLC",-,-
Tellurian Datacenter,Tellurian,-,-
Southfield,TelNet Worldwide (TelNet),278 m²,-
Chicago,Telstra International,-,-
Los Angeles,Telstra International,-,-
New York,Telstra International,-,-
San Jose,Telstra International,-,-
TeraSwitch Networks - DC1,TeraSwitch Networks,-,-
Culpeper,Terremark,-,-
Miami,Terremark,-,-
Santa Clara,Terremark,-,-
Boise,The Benaroya Company,2694 m²,4500 kW
South Hill Data Center,The Benaroya Company,-,8600 kW
South Hill Data Center 2,The Benaroya Company,-,17500 kW
Maryland,"The Data Centers, LLC (TDC)",-,-
Conway,The Echo Group,-,-
INOC,The Independent Network Operations Consortium (INOC),-,-
The Karcher Group Data Center,The Karcher Group,-,-
Newport Financial Center,The LeFrak Organization,-,-
LIDARC,The Long Island Data and Recovery Center (LIDARC),-,-
Public Square Tech Center,The Morgan Reed Group,-,-
Thornton Colorado Data Center,The Morgan Reed Group,-,-
274 Brannan Street,The Swig Company,-,-
Albany,The University of Albany,-,-
Maryland,The US Social Security Administration (SSA),-,-
National Support Center (NSC),The US Social Security Administration (SSA),-,-
Westin Building Seattle,The Westin Building,-,-
The Franklin Exchange Tampa,The Wilson Company,-,-
800 South Hope,Thomas Properties Group,-,-
Charlotte-Rose Lake,TierPoint,-,-
Dallas,TierPoint,6317 m²,11100 kW
Oklahoma City 1,TierPoint,1357 m²,2600 kW
Raleigh-RTP,TierPoint,929 m²,2500 kW
Spokane,TierPoint,2880 m²,8800 kW
NDC West,Time Warner Cable,-,-
New York City datacenter,Time Warner Cable Business Class,-,-
165 Halsey Meet-Me Room,Tishman Real Estate Services,-,-
165 Halsey Street,Tishman Real Estate Services,-,-
Tonaquint Data Center,Tonaquint Data Center,-,-
Salt Lake City,Total Server Solutions LLC,-,-
Seattle,Total Server Solutions LLC,-,-
324 E Wisconsin,Towne Investments,-,-
Philadelphia,"Transbeam, Inc.",-,-
Transtelco El Paso,Transtelco,-,-
200 Technology Center,Transwestern,-,-
Norcross,Travelers Insurance Group,-,-
Sarpy County,Travelers Insurance Group,-,-
Travelport Data Center,Travelport,-,-
TulsaConnect (DC1) Oklahoma,TulsaConnect,-,-
TulsaConnect (DC2) Oklahoma,TulsaConnect,-,-
TulsaConnect (DC3) Oklahoma,TulsaConnect,-,-
Tyler Vault.com Data Center,Tyler Vault.com,-,-
USNX Data Center,U.S. NetworX,-,-
Boulder,Uber,-,-
1331 E Business Center Dr.,Unclaimed,-,-
St Louis,UNISYS,-,-
Lincoln,Unite Private Networks,-,-
The Mission Street Center,"UnitedLayer, Inc.",-,-
UnitedLayer San Francisco,"UnitedLayer, Inc.",-,-
NCAR-Wyoming Supercomputing Center,University Corporation for Atmospheric Research,-,-
Grand Forks,University of North Dakota,-,-
University of Wisconsin-Madison,University of Wisconsin-Madison,-,-
3110 North Central Avenue,Unknown,-,-
4003 East Speedway Boulevard,Unknown,-,-
9706 E. Easter Avenue,Unknown,-,-
Beltsville,Unknown,-,-
GramTel Grand Rapids,Unknown,-,-
Secaucus,Unknown,-,-
Untangled Technology Data Center,Untangled Technology,-,-
US Internet Data Center,US Internet,-,-
US Secure Hosting Center,US Secure Hosting Center (USSHC),-,-
Grand Rapids,US SIGNAL,-,-
US Signal Grand Rapids,US SIGNAL,-,-
US Signal Oak Brook,US SIGNAL,-,-
US Signal Southfield,US SIGNAL,-,-
V1,Vantage Data Centers,-,-
V2,Vantage Data Centers,-,-
V3,Vantage Data Centers,-,-
Vaultas Alexandria,Vaultas,-,-
Vaultas Milwaukee,Vaultas,-,-
Vaultas St. Cloud,Vaultas,-,-
Dallas I,VAZATA,2323 m²,3300 kW
Dallas II,VAZATA,1161 m²,2000 kW
Vegas,VegasNAP,-,-
Baton Rouge,Venyu,-,-
Baton Rouge 2,Venyu,-,-
Bossier City,Venyu,-,-
Jackson,Venyu,-,-
Vernon Data Center,Vernon Data Center,-,-
Davey Holdings LLC,Villecolo,-,-
701-703 S Lasalle St.,Vinakom,-,-
Vineyard Data Center Park,Vineyard Data Center Park,-,-
650 Townsend St,Virtustream,-,-
8619 Westwood Center Drive,Virtustream,-,-
VISI Data Center Eden Prairie,VISI,-,-
VISI Data Center St. Paul,VISI,-,-
Volico Broward,Volico,-,-
Volico Miami,Volico,-,-
Volico Miami #2,Volico,-,-
Voonami Orem Data Center,Voonami,-,-
Voonami Salt Lake City Data Center,Voonami,-,-
OCDC Orange County Datacenter Santa Ana,VPLS / ACS State and Local,-,-
Austin,vXchnge,4500 m²,26000 kW
Portland,vXchnge,2000 m²,-
St. Louis,vXchnge,1600 m²,-
Waveform Troy Datacenter,Waveform Technology,-,-
Waymark Plano,Waymark Communications,-,-
Webair NY1,"Webair Internet Development, Inc.",2323 m²,4000 kW
4664 Campus Drive,Weidenhammer,-,-
The Bunker,Westland Bunker,13000 m²,-
2401 Holly Kansas City,"Wholesale Internet, Inc.",-,-
One Wilshire Building,Wilcon,-,-
Atlanta,"Windstream Services, LLC",121 m²,-
Nashville,"Windstream Services, LLC",929 m²,960 kW
Lafayette,Wintek,-,-
Ashburn,WiredRe,-,-
Chicago,WiredRe,-,-
Denver,WiredRe,-,-
San Francisco,WiredRe,-,-
Worknet Naperville,Worknet,-,-
Seattle,WorldLink Internet Services,-,-
Worldspice Data Center,WorldSpice Technologies,-,-
Columbus (North 5th Street),WOW! (Wide Open West),-,-
Tampa (North Tampa Street),WOW! (Wide Open West),-,-
WOWaccess,"WOWaccess, Inc",-,-
Greater Hartford,Xand,2787 m²,-
Lehigh Valley,Xand,-,-
Metrowest Boston,Xand,3716 m²,-
Tek Park,Xand,1300 m²,-
Valley Forge,Xand,668 m²,-
Westchester,Xand,-,-
xDefenders,"xDefenders, Inc.",-,-
Xecunet Data Center,Xecunet,-,-
Xilogix Data Center,Xilogix,-,-
Xiolink Data Center,XIOLINK,-,-
XNet Critical Computing Facility,XNet,-,-
Atlanta/Smyrna,XO Communications,-,-
Austin (2100 S. IH-35),XO Communications,-,-
Baltimore (S. Charles),XO Communications,-,-
Boston,XO Communications,-,-
"Cambridge (89 Fulkerson, 1st Floor",XO Communications,-,-
Chicago (S. Dearborn),XO Communications,-,-
Columbus,XO Communications,-,-
Dallas (Mockingbird Ln.),XO Communications,-,-
Denver/Englewood (E. Easter),XO Communications,-,-
Denver/Englewood (Inverness Way),XO Communications,-,-
Detroit/Southfield (21455 Melrose Ave.),XO Communications,-,-
Detroit/Southfield (21555 Melrose Ave.),XO Communications,-,-
Houston (Fannin St.),XO Communications,-,-
Houston (Portsmouth St.),XO Communications,-,-
Maryland Heights,XO Communications,-,-
Minneapolis (Marquette Ave.),XO Communications,-,-
Nashville,XO Communications,-,-
"New York (111 8th Ave., 5th Floor)",XO Communications,-,-
Phoenix (3930 E. Watkins),XO Communications,-,-
Secaucus,XO Communications,-,-
St. Louis (N. Tucker Blvd.),XO Communications,-,-
Miami,XO Communications,-,-
Portland 1,XO Communications,-,-
Portland 2,XO Communications,-,-
San Antonio,XO Communications,-,-
Tampa,XO Communications,-,-
YRIX,Yellowstone Regional Internet Exchange (YRIX),-,-
111 8th Avenue,Zayo Group LLC,-,-
1500 Champa Street,Zayo Group LLC,650 m²,2000 kW
1525 Rockwell Ave,Zayo Group LLC,279 m²,531 kW
165 Halsey,Zayo Group LLC,-,-
209 10th Ave South,Zayo Group LLC,650 m²,797 kW
7620 Appling Center Dr,Zayo Group LLC,557 m²,1329 kW
Santa Clara,"Zynga Game Network, Inc.",-,-
